4000 Bow Road Victoria BC V8N 3B2 Canada, 48.47269, -123.34094
Victoria BC Canada, 48.42842, -123.36564
788 Humboldt Street Victoria BC V8W 1B1 Canada, 48.42084, -123.36398
Radiant Way Victoria BC V9C 2W4 Canada, 48.42656, -123.53155
68 Songhees Road Victoria BC V9A 0A3 Canada, 48.42700, -123.38020
75 Linden Avenue Victoria BC V8V 4C9 Canada, 48.40948, -123.35368
518 Beach Drive Victoria BC V8S Canada, 48.41264, -123.30818
3738 Ridge Pond Drive Victoria BC V9C 4M8 Canada, 48.40649, -123.53193
555 Hansen Avenue Victoria BC V9B Canada, 48.46379, -123.48878
Victoria BC Canada, 48.42842, -123.36564
1221 Muirfield Place Victoria BC V9B 6T2 Canada, 48.47425, -123.52584
2637 Savory Road Victoria BC V9B 5Y4 Canada, 48.45786, -123.51535
453 Head Street Victoria BC V9A 5S1 Canada, 48.42670, -123.39879
3801 Blenkinsop Road Victoria BC V8P 3P2 Canada, 48.46222, -123.34984
1946 Crescent Road Victoria BC V8S 2G9 Canada, 48.41146, -123.32502
711 Richmond Avenue Victoria BC V8S 3Z2 Canada, 48.41975, -123.33198
1752 Armstrong Avenue Victoria BC V8R Canada, 48.43129, -123.31559
580 Beach Drive Victoria BC V8S Canada, 48.41117, -123.30660
225 St. Lawrence Street Victoria BC V8V 4X5 Canada, 48.42123, -123.38193
870 Hackamore Drive Victoria BC V9C 4A3 Canada, 48.39619, -123.53423
66 Songhees Road Victoria BC V9A 7M6 Canada, 48.42659, -123.37773
2062 Gourman Place Victoria BC V9B Canada, 48.46953, -123.48744
104 Dallas Road Victoria BC V8V 1A3 Canada, 48.41817, -123.38515
3146 Wessex Close Victoria BC V8P 5N2 Canada, 48.44801, -123.31998
Bezanton Way Victoria BC V9C 0C5 Canada, 48.40653, -123.50716
636 Baltic Place Victoria BC V8Z 2B2 Canada, 48.46959, -123.38585
Victoria BC Canada, 48.42842, -123.36564
399 Tyee Road Victoria BC V9A 0A8 Canada, 48.43208, -123.37890
2920 Mount Baker View Road Victoria BC V8N Canada, 48.45769, -123.27181
1177 Fort Street Victoria BC V8V Canada, 48.42301, -123.35059
408 Dallas Road Victoria BC V8V Canada, 48.41299, -123.37920
2917 Cressida Crescent Victoria BC V9B 5W7 Canada, 48.45525, -123.55447
985 Oliver Street Victoria BC V8S 4W6 Canada, 48.42018, -123.31292
642 Niagara Street Victoria BC V8V 1J2 Canada, 48.41157, -123.37074
509 Langvista Drive Victoria BC V9B Canada, 48.46069, -123.48353
858 Bear Mountain Parkway Victoria BC V9B Canada, 48.47027, -123.50916
3393 Haida Drive Victoria BC V9C Canada, 48.41789, -123.50747
4260 Kincaid Street Victoria BC V8X 4R3 Canada, 48.48332, -123.38306
200 Irving Road Victoria BC V8S 3Z9 Canada, 48.41236, -123.32897
990 Moss Ridge Close Victoria BC V9C 4M8 Canada, 48.40655, -123.53294
Holgate Lane Victoria BC V9C 1Y3 Canada, 48.42143, -123.47688
3840 Epsom Drive Victoria BC V8P Canada, 48.46400, -123.34456
1936 Richardson Street Victoria BC V8S 1S4 Canada, 48.42026, -123.32481
3833 Cumberland Road Victoria BC V8P Canada, 48.46288, -123.35545
260 Douglas Street Victoria BC V8V Canada, 48.41453, -123.36687
4562 Cordova Bay Road Victoria BC V8X 3V5 Canada, 48.50249, -123.34411
2006 Hawkins Place Victoria BC V9B 0E3 Canada, 48.47787, -123.51290
894 Denford Crescent Victoria BC V8X 4N1 Canada, 48.48467, -123.37433
4030 Century Road Victoria BC V8X 2E5 Canada, 48.47230, -123.35534
1769 Haultain Street Victoria BC V8R Canada, 48.43596, -123.33021
1648 Wilmot Place Victoria BC V8R 5S4 Canada, 48.42920, -123.31668
100 Saghalie Road Victoria BC V9A 0A1 Canada, 48.42827, -123.37922
1474 Ryan Street Victoria BC V8R 2X1 Canada, 48.44009, -123.33973
978 Tattersall Drive Victoria BC V8X 2W9 Canada, 48.45724, -123.36421
3476 Plymouth Road Victoria BC V8P 4X4 Canada, 48.45477, -123.31958
4012 Bow Road Victoria BC V8N 3B2 Canada, 48.47331, -123.34115
1238 Saint Patrick Street Victoria BC V8S 4Y3 Canada, 48.42365, -123.31167
3934 Cedar Hill Cross Road Victoria BC V8P Canada, 48.46652, -123.34920
601 Gorge Road East Victoria BC V8T Canada, 48.43948, -123.37037
505 Springfield Street Victoria BC V9A Canada, 48.43190, -123.38779
6535 Central Saanich Road Victoria BC V8Z 5T9 Canada, 48.55981, -123.40349
50 Songhees Road Victoria BC V9A Canada, 48.42668, -123.37592
4589 Scarborough Road Victoria BC V8Z 5N5 Canada, 48.50280, -123.40536
934 Boulderwood Rise Victoria BC V8Y 3G5 Canada, 48.50453, -123.37336
19 Dallas Road Victoria BC V8V 5A6 Canada, 48.42289, -123.38481
199 Petworth Drive Victoria BC V9E 1J4 Canada, 48.50924, -123.45341
1040 Sutlej Street Victoria BC V8V Canada, 48.41470, -123.35761
822 Cuaulta Crescent Victoria BC V9C Canada, 48.42659, -123.51042
1421 Yale Street Victoria BC V8S 4R3 Canada, 48.42618, -123.31789
947 Carolwood Drive Victoria BC V8X Canada, 48.49586, -123.37102
916 Gade Road Victoria BC V9B 4Z6 Canada, 48.46322, -123.51110
2850 Aldwynd Road Victoria BC V9B Canada, 48.44499, -123.49576
974 Wild Blossom Court Victoria BC V9C 4M8 Canada, 48.40820, -123.53565
1063 Valewood Trail Victoria BC V8X 5G7 Canada, 48.48655, -123.37090
4009 Carey Road Victoria BC V8Z 4E6 Canada, 48.46709, -123.39286
2967 Burlington Crescent Victoria BC V9B 0K6 Canada, 48.45389, -123.54476
365 Waterfront Crescent Victoria BC V8T 0A7 Canada, 48.44193, -123.37845
611 David Street Victoria BC V8T Canada, 48.43844, -123.36948
1228 Mariposa Avenue Victoria BC V8Z Canada, 48.47678, -123.41220
1440 Mount Douglas Cross Road Victoria BC V8X Canada, 48.47789, -123.34727
3621 Kathleen Street Victoria BC V8P Canada, 48.45867, -123.35645
778 Hockley Avenue Victoria BC V9B Canada, 48.44724, -123.50060
725 Suffolk Street Victoria BC V9A 3J5 Canada, 48.43179, -123.39256
659 Kestrel Ridge Victoria BC V9B 6C3 Canada, 48.47075, -123.49534
687 Strandlund Avenue Victoria BC V9B Canada, 48.45647, -123.49564
765 Martlet Road Victoria BC V9B 6G1 Canada, 48.52666, -123.51783
1673 Warren Gardens Victoria BC V8S 1S9 Canada, 48.41808, -123.33367
1033 Belmont Avenue Victoria BC V8S Canada, 48.42477, -123.33788
6669 Central Saanich Road Victoria BC V8Z Canada, 48.56359, -123.40353
875 Walfred Road Victoria BC V9C Canada, 48.42412, -123.51529
3349 Happy Valley Road Victoria BC V9C Canada, 48.42625, -123.53087
1640 Cedar Hill Cross Road Victoria BC V8P 4H1 Canada, 48.46079, -123.33117
3789 Quadra Street Victoria BC V8X 1H7 Canada, 48.46077, -123.36034
561 Boblaw Place Victoria BC V9C 3Z1 Canada, 48.35845, -123.54550
1451 Bay Street Victoria BC V8R 2A8 Canada, 48.43415, -123.34102
22 Erskine Lane Victoria BC V8Z 1R7 Canada, 48.46571, -123.43833
3349 Happy Valley Road Victoria BC V9C Canada, 48.42625, -123.53087
350 Berwick Street Victoria BC V8V Canada, 48.41473, -123.37899
3064 Doncaster Drive Victoria BC V8T 2N6 Canada, 48.44685, -123.34065
2690 Silverstone Way Victoria BC V9B 6A6 Canada, 48.45093, -123.47740
Victoria BC Canada, 48.42842, -123.36564
3046 Arado Court Victoria BC V9B 0K9 Canada, 48.44059, -123.53339
3351 Hatley Drive Victoria BC V9C 1W3 Canada, 48.41767, -123.48041
Victoria BC Canada, 48.42842, -123.36564
Trillium Road Victoria BC V9B 4G3 Canada, 48.44482, -123.52538
365 Waterfront Crescent Victoria BC V8T 0A7 Canada, 48.44193, -123.37845
2345 Cedar Hill Cross Road Victoria BC V8P 5M8 Canada, 48.45710, -123.31025
3321 Piper Road Victoria BC V9C Canada, 48.42572, -123.53484
3400 Mayfair Drive Victoria BC V8P 1R2 Canada, 48.45425, -123.32394
1221 Freshwater Crescent Victoria BC V9B 0L9 Canada, 48.44439, -123.53163
781 Piedmont Drive Victoria BC V8Y 1L8 Canada, 48.52285, -123.38150
8 Craigflower Road Victoria BC V9A 2X6 Canada, 48.44147, -123.40088
1241 Santa Rosa Avenue Victoria BC V8Z 2V6 Canada, 48.47530, -123.41391
788 Humboldt Street Victoria BC V8W 1B1 Canada, 48.42084, -123.36398
2201 Arbutus Cove Lane Victoria BC V8N 6L6 Canada, 48.48059, -123.30610
Turnstone Drive Victoria BC V9C Canada, 48.42328, -123.52970
1426 Merritt Place Victoria BC V8P 5H6 Canada, 48.44859, -123.34932
2610 Cook Street Victoria BC V8T Canada, 48.43887, -123.35210
887 Klahanie Drive Victoria BC V9C 3X2 Canada, 48.41191, -123.52232
2283 Millstream Road Victoria BC V9B 6H2 Canada, 48.46626, -123.50130
3204 Doncaster Drive Victoria BC V8P 3V4 Canada, 48.44839, -123.34155
3131 Cedar Hill Road Victoria BC V8T 3J5 Canada, 48.44782, -123.34427
17 Cadillac Avenue Victoria BC V8Z Canada, 48.45679, -123.37825
2547 Mill Hill Road Victoria BC V9B 4X6 Canada, 48.46049, -123.48552
55 Songhees Road Victoria BC V9A Canada, 48.42633, -123.37818
3877 Holland Avenue Victoria BC V8Z 5K1 Canada, 48.46912, -123.42305
1020 Burnside Road West Victoria BC V8Z Canada, 48.46307, -123.41102
50 Songhees Road Victoria BC V9A Canada, 48.42668, -123.37592
2210 Woodhampton Rise Victoria BC V9B Canada, 48.46970, -123.52679
277 Kerwood Street Victoria BC V9B 1A2 Canada, 48.45193, -123.44125
2532 Fifth Street Victoria BC V8T 4A7 Canada, 48.43579, -123.35679
934 Craigflower Road Victoria BC V9A 2X5 Canada, 48.44088, -123.39926
1450 Dallas Road Victoria BC V8S 1A2 Canada, 48.40722, -123.34789
1476 Thurlow Road Victoria BC V8S Canada, 48.41236, -123.34257
1027 Wurtele Place Victoria BC V9A 4S2 Canada, 48.43761, -123.40509
4810 Sunnygrove Place Victoria BC V8Y Canada, 48.50982, -123.36158
893 Victoria Avenue Victoria BC V8S Canada, 48.41913, -123.31787
2654 Selwyn Road Victoria BC V9B 3L5 Canada, 48.45283, -123.48626
981 Fir Tree Glen Victoria BC V8X Canada, 48.49308, -123.37505
2850 Aldwynd Road Victoria BC V9B Canada, 48.44499, -123.49576
555 Niagara Street Victoria BC V8V Canada, 48.41271, -123.37360
2701 Peatt Road Victoria BC V9B Canada, 48.45298, -123.49850
1275 Knockan Drive Victoria BC V8Z 7B8 Canada, 48.47142, -123.41652
943 Byng Street Victoria BC V8S Canada, 48.41944, -123.30597
3219 Loledo Place Victoria BC V9C 3W6 Canada, 48.42681, -123.54346
Citadel Place Victoria BC V9C 0G1 Canada, 48.40291, -123.50191
1644 Hillside Avenue Victoria BC V8T Canada, 48.44509, -123.33480
Bryn Maur Road Victoria BC V9B Canada, 48.44789, -123.49904
3285 Piper Road Victoria BC V9C Canada, 48.42572, -123.53484
1021 Springboard Road Victoria BC V9B 3E2 Canada, 48.45504, -123.51068
1233 Tall Tree Place Victoria BC V8Z Canada, 48.46748, -123.41774
2170 Nicklaus Drive Victoria BC V9B 6T3 Canada, 48.47150, -123.52912
138 Cadillac Avenue Victoria BC V8Z 1T7 Canada, 48.45837, -123.38384
2404 Setchfield Avenue Victoria BC V9B Canada, 48.46396, -123.50674
344 Irving Road Victoria BC V8S 4A2 Canada, 48.41506, -123.32899
652 Granrose Terrace Victoria BC V9C Canada, 48.41169, -123.50997
3293 Piper Road Victoria BC V9C Canada, 48.42572, -123.53484
4420 Tremblay Drive Victoria BC V8N Canada, 48.48870, -123.32123
812 Batting Place Victoria BC V9C Canada, 48.41888, -123.51467
370 Obed Avenue Victoria BC V9A 1K3 Canada, 48.45115, -123.39986
1082 Colville Road Victoria BC V9A 4P7 Canada, 48.43871, -123.40701
1301 Rockhampton Close Victoria BC V9B Canada, 48.47016, -123.52769
772 Hockley Avenue Victoria BC V9B Canada, 48.44699, -123.49970
500 Oswego Street Victoria BC V8V 4Z2 Canada, 48.42034, -123.37561
2850 Aldwynd Road Victoria BC V9B Canada, 48.44499, -123.49576
2750 Herbate Road Victoria BC V9B 6J7 Canada, 48.48402, -123.48031
783 Cuaulta Crescent Victoria BC V9C Canada, 48.42508, -123.51013
530 Marsett Place Victoria BC V8Z 7J1 Canada, 48.50428, -123.38784
2930 Qu'Appelle Street Victoria BC V9A Canada, 48.44510, -123.39200
20 Newcastle Court Victoria BC V9B 6V5 Canada, 48.45839, -123.46824
1520 York Place Victoria BC V8R 5X1 Canada, 48.42651, -123.31112
441 Pelican Drive Victoria BC V9C Canada, 48.40162, -123.50289
453 Head Street Victoria BC V9A 5S1 Canada, 48.42670, -123.39879
850 Parklands Drive Victoria BC V9A 4L5 Canada, 48.44047, -123.42390
617 Simcoe Street Victoria BC V8V Canada, 48.41364, -123.37027
3565 Upper Terrace Road Victoria BC V8R 6E7 Canada, 48.45386, -123.30267
Victoria BC Canada, 48.42842, -123.36564
388 Sunset Avenue Victoria BC V8S Canada, 48.41259, -123.31812
1157 Heald Avenue Victoria BC V9A 5J7 Canada, 48.42706, -123.41276
419 Pelican Drive Victoria BC V9C Canada, 48.40017, -123.50061
3317 Piper Road Victoria BC V9C Canada, 48.42572, -123.53484
3960 Helen Road Victoria BC V8Z 5C6 Canada, 48.47391, -123.41457
3924 Sandell Place Victoria BC V8N Canada, 48.47319, -123.31092
3984 Medway Street Victoria BC V8N Canada, 48.45427, -123.26829
2396 Chilco Road Victoria BC V9B 6V5 Canada, 48.45656, -123.47191
3948 Interurban Road Victoria BC V8Z Canada, 48.46515, -123.39955
3944 Interurban Road Victoria BC V8Z Canada, 48.46508, -123.39933
Falcon Heights Road Victoria BC V9B 6H6 Canada, 48.49171, -123.54802
770 Fisgard Street Victoria BC V8W 0B8 Canada, 48.42998, -123.36394
2548 Dunlevy Street Victoria BC V8R 5Z2 Canada, 48.43787, -123.30682
213 Robertson Street Victoria BC V8S 3X5 Canada, 48.41232, -123.33161
2931 Gosworth Road Victoria BC V8T 3C8 Canada, 48.44616, -123.34409
4845 Sea Ridge Drive Victoria BC V8Y Canada, 48.50846, -123.36801
574 Pacific Ridge Victoria BC V9B 6P9 Canada, 48.46045, -123.48156
2005 Hawkins Place Victoria BC V9B 0E3 Canada, 48.47803, -123.51299
1007 Scottswood Lane Victoria BC V8Y 2T9 Canada, 48.50333, -123.36440
5255 Parker Avenue Victoria BC V8Y Canada, 48.52796, -123.36690
3952 Larchwood Drive Saanich BC V8N Canada, 48.47051, -123.32519
1145 Bute Street Victoria BC V8Z 1L9 Canada, 48.46341, -123.41588
1400 Lynburne Place Victoria BC V9B 0A4 Canada, 48.47721, -123.53442
3493 Sunheights Drive Victoria BC V9C 3P7 Canada, 48.41747, -123.51574
498 Leaside Avenue Victoria BC V8Z Canada, 48.47930, -123.39647
630 Seaforth Street Victoria BC V9A Canada, 48.42949, -123.38993
4280 Quadra Street Victoria BC V8X Canada, 48.48483, -123.38158
1579 Montgomery Avenue Victoria BC V8S Canada, 48.41987, -123.33461
953 Bay Street Victoria BC V8T 1R6 Canada, 48.43511, -123.35515
2854 Hagel Road Victoria BC V9B 2J5 Canada, 48.44253, -123.49421
1204 Fairfield Road Victoria BC V8V 3B2 Canada, 48.41690, -123.35183
1151 Bute Street Victoria BC V8Z 1L9 Canada, 48.46346, -123.41589
24 Falstaff Place Victoria BC V9A 7A5 Canada, 48.45042, -123.43021
6280 Springlea Road Victoria BC V8Z Canada, 48.55210, -123.39717
1243 Glyn Road Victoria BC V8Z 3A4 Canada, 48.48583, -123.40768
890 Admirals Road Victoria BC V9A 2P1 Canada, 48.43888, -123.42379
925 Alton Lane Victoria BC V9B Canada, 48.47168, -123.51230
50 Songhees Road Victoria BC V9A Canada, 48.42668, -123.37592
3 Jedburgh Road Victoria BC V9B 1S8 Canada, 48.45726, -123.43961
2653 Sooke Road Victoria BC V9B 1Y4 Canada, 48.43273, -123.52083
1177 Deerview Place Victoria BC V9B 0B3 Canada, 48.47314, -123.52279
949 Starling Place Victoria BC V9C 0B4 Canada, 48.42302, -123.52951
727 Johnson Street Victoria BC V8W Canada, 48.42706, -123.36341
220 Obed Avenue Victoria BC V9A 1J6 Canada, 48.44869, -123.39532
Haagensen Court Victoria BC V9B 6V5 Canada, 48.45770, -123.47152
21 Dallas Road Victoria BC V8V 4Z9 Canada, 48.42205, -123.38454
1470 Ryan Street Victoria BC V8R 2X1 Canada, 48.44009, -123.33973
2460 Cotswold Road Victoria BC V8R Canada, 48.44718, -123.30723
5177 Lochside Drive Victoria BC V8Y Canada, 48.52500, -123.37255
Turnstone Drive Victoria BC V9C Canada, 48.42328, -123.52970
2595 Lansdowne Road Victoria BC V8R 3P2 Canada, 48.44502, -123.30540
752 Millington Place Victoria BC V9B 0E3 Canada, 48.47914, -123.51363
516 Victoria Avenue Victoria BC V8S Canada, 48.41435, -123.31818
4533 Cheeseman Road Victoria BC V8Z 5M9 Canada, 48.50110, -123.39714
Victoria BC Canada, 48.42842, -123.36564
2648 Cedar Hill Road Victoria BC V8T 3H2 Canada, 48.43759, -123.34629
960 Gade Road Victoria BC V9B 0G8 Canada, 48.46505, -123.51282
4110 Hawkes Avenue Victoria BC V8Z Canada, 48.47490, -123.38598
1880 Chandler Avenue Victoria BC V8S 1N8 Canada, 48.41681, -123.32881
23 Carly Lane Victoria BC V9B 0A2 Canada, 48.45767, -123.46939
1220 Roslyn Road Victoria BC V8S 4R6 Canada, 48.42350, -123.31754
3975 South Valley Drive Victoria BC V8Z 5A3 Canada, 48.47187, -123.41111
934 Craigflower Road Victoria BC V9A 2X5 Canada, 48.44088, -123.39926
4073 Blackberry Lane Victoria BC V8X 5J5 Canada, 48.47140, -123.38102
614 Granrose Terrace Victoria BC V9C Canada, 48.41130, -123.50879
36 Bamford Court Victoria BC V9B 6V5 Canada, 48.45734, -123.47278
192 Goward Road Victoria BC V9E 2H8 Canada, 48.51873, -123.43241
5191 Santa Clara Avenue Victoria BC V8Y Canada, 48.52616, -123.38402
3335 Merlin Road Victoria BC V9C 0H3 Canada, 48.42681, -123.53342
3250 Exeter Road Victoria BC V8R Canada, 48.44807, -123.29635
2 Craigflower Road Victoria BC V9A 2X6 Canada, 48.44133, -123.40053
2003 Hawkins Place Victoria BC V9B 0E3 Canada, 48.47791, -123.51288
2657 Wilfert Road Victoria BC V9B 6M3 Canada, 48.44723, -123.46836
2871 Jacklin Road Victoria BC V9B 5R8 Canada, 48.44702, -123.50748
584 Kingsview Ridge Victoria BC V9B 6T5 Canada, 48.46004, -123.48136
415 Dunedin Street Victoria BC V8T Canada, 48.44091, -123.37587
40 Bamford Court Victoria BC V9B 6V5 Canada, 48.45734, -123.47278
1231 Beach Drive Victoria BC V8S 2N3 Canada, 48.42161, -123.30008
1400 Lynburne Place Victoria BC V9B 0A4 Canada, 48.47721, -123.53442
Victoria BC Canada, 48.42842, -123.36564
2597 Vista Bay Road Victoria BC V8P 3E8 Canada, 48.45703, -123.30083
4500 Sarah Owen Place Victoria BC V9E 2B6 Canada, 48.50121, -123.43544
5510 Alderley Road Victoria BC V8Y 1Y1 Canada, 48.53873, -123.38672
939 Firehall Creek Road Victoria BC V9C 0A3 Canada, 48.43159, -123.52359
610 Manchester Road Victoria BC V8T Canada, 48.44243, -123.37209
2138 Stone Gate Victoria BC V9B Canada, 48.47249, -123.51226
2667 Empire Street Victoria BC V8T 3M5 Canada, 48.43841, -123.35059
964 Milner Avenue Victoria BC V8X 3N4 Canada, 48.47768, -123.37070
2518 Mill Hill Road Victoria BC V9B Canada, 48.45806, -123.48559
3214 Henderson Road Victoria BC V8P 5A3 Canada, 48.44825, -123.31749
Victoria BC Canada, 48.42842, -123.36564
745 Grousewood Place Victoria BC V9C Canada, 48.42755, -123.50835
4237 Denrob Place Victoria BC V8X 4V2 Canada, 48.48316, -123.37646
5075 Patricia Bay Highway Victoria BC V8Y 1W1 Canada, 48.51816, -123.38499
4370 Interurban Road Victoria BC V9E Canada, 48.48930, -123.41841
438 Queen Anne Heights Victoria BC V8S 4K6 Canada, 48.41674, -123.32458
3375 Upper Terrace Road Victoria BC V8R Canada, 48.44962, -123.30337
970 Tolmie Avenue Victoria BC V8X 3W7 Canada, 48.44865, -123.36488
1237 Beach Drive Victoria BC V8S 2N3 Canada, 48.42199, -123.30111
1046 North Park Street Victoria BC V8T 1C6 Canada, 48.42966, -123.35377
2086 Kendal Avenue Victoria BC V8P Canada, 48.45295, -123.31805
3830 Jennifer Road Victoria BC V8P Canada, 48.46319, -123.34180
Victoria BC Canada, 48.42842, -123.36564
945 McClure Street Victoria BC V8V 3E7 Canada, 48.42051, -123.35863
301 Nursery Hill Drive Victoria BC V9B Canada, 48.46082, -123.46390
2007 Troon Court Victoria BC V9B 6R6 Canada, 48.47779, -123.52653
4014 White Rock Street Victoria BC V8N Canada, 48.45443, -123.26642
3315 Cadboro Bay Road Victoria BC V8R 5K5 Canada, 48.44979, -123.30856
830 Hackamore Drive Victoria BC V9C 4A3 Canada, 48.39403, -123.53357
339 King George Terrace Victoria BC V8S 2K2 Canada, 48.41102, -123.31839
1521 Arrow Road Victoria BC V8N 1C3 Canada, 48.47042, -123.34126
3721 Grange Road Victoria BC V8Z 4S9 Canada, 48.46158, -123.41183
1475 Millstream Road Victoria BC V9B 6G1 Canada, 48.51597, -123.51910
284 Belmont Road Victoria BC V9C Canada, 48.43974, -123.46613
2786 Ronald Road Victoria BC V9B 2L6 Canada, 48.43301, -123.53219
1124 Timber View Victoria BC V9B 0B5 Canada, 48.47386, -123.52121
3573 Richmond Road Victoria BC V8P 4P9 Canada, 48.45703, -123.32858
Citadel Place Victoria BC V9C 0G1 Canada, 48.40291, -123.50191
2900 Douglas Street Victoria BC V8T 4N4 Canada, 48.44191, -123.36906
3294 Galloway Road Victoria BC V9C 2S7 Canada, 48.42215, -123.49770
2345 Cedar Hill Cross Road Victoria BC V8P 5M8 Canada, 48.45710, -123.31025
Heatherdale Lane Victoria BC V8Z 0A4 Canada, 48.49799, -123.38954
3181 Kingsley Street Victoria BC V8P 4J4 Canada, 48.44773, -123.33155
476 Dupplin Road Victoria BC V8Z 1B8 Canada, 48.44776, -123.37712
152 Sims Avenue Victoria BC V8Z 1K2 Canada, 48.45604, -123.38548
919 Pemberton Road Victoria BC V8S Canada, 48.42312, -123.34061
4862 Sea Ridge Drive Victoria BC V8Y Canada, 48.50931, -123.36976
2742 Cornerstone Terrace Victoria BC V9B 5V1 Canada, 48.44951, -123.48923
2650 Bowker Avenue Victoria BC V8R Canada, 48.43239, -123.30756
4162 Oakridge Crescent Victoria BC V8Z Canada, 48.47896, -123.39929
2377 Swallow Place Victoria BC V9B 5X4 Canada, 48.46867, -123.50397
106 Aldersmith Place Victoria BC V9A Canada, 48.44833, -123.42765
Sooke Road Victoria BC Canada, 48.42518, -123.54918
1127 Wychbury Avenue Victoria BC V9A 5K9 Canada, 48.42561, -123.41003
3155 Beach Drive Victoria BC V8R 6L7 Canada, 48.44496, -123.29341
2227 Woodhampton Rise Victoria BC V9B Canada, 48.46969, -123.52683
2252 Players Drive Victoria BC V9B 0L2 Canada, 48.46948, -123.52210
803 Cuaulta Crescent Victoria BC V9C Canada, 48.42605, -123.50983
4963 Haliburton Terrace Victoria BC V8Y 3K5 Canada, 48.51500, -123.38157
1161 Chapman Street Victoria BC V8V Canada, 48.41274, -123.35459
1020 Laburnum Road Victoria BC V8Z Canada, 48.46381, -123.40982
2075 Hedgestone Lane Victoria BC V9B 6R3 Canada, 48.47532, -123.52795
970 Wild Ridge Way Victoria BC V9C 4M8 Canada, 48.40878, -123.53536
1136 Timber View Victoria BC V9B 0B5 Canada, 48.47365, -123.52164
915 Glen Vale Road Victoria BC V9A 6N1 Canada, 48.44815, -123.41364
707 Courtney Street Victoria BC V8W 1C3 Canada, 48.42298, -123.36563
Victoria BC Canada, 48.42842, -123.36564
3263 Henderson Road Victoria BC V8P Canada, 48.44938, -123.31682
970 Topaz Avenue Victoria BC V8T Canada, 48.44231, -123.36141
3045 Uplands Road Victoria BC V8R 6B4 Canada, 48.44439, -123.30953
68 Songhees Road Victoria BC V9A 0A3 Canada, 48.42700, -123.38020
515 Falkland Road Victoria BC V8S Canada, 48.41422, -123.32015
2490 Cadboro Heights Lane Victoria BC V8N 4B9 Canada, 48.46282, -123.30062
4533 Morland Road Victoria BC V9C Canada, 48.38000, -123.54376
5177 Agate Lane Victoria BC V8Y Canada, 48.52462, -123.36703
Victoria BC Canada, 48.42842, -123.36564
1022 Oliphant Avenue Victoria BC V8V Canada, 48.41398, -123.35828
791 Goldstream Avenue Victoria BC V9B 2X5 Canada, 48.44912, -123.49998
805 Cuaulta Crescent Victoria BC V9C Canada, 48.42607, -123.51006
2615 Sooke Road Victoria BC V9B 1Y2 Canada, 48.43351, -123.51769
2950 Orillia Street Victoria BC V9A 1Y5 Canada, 48.44818, -123.39655
3305 Browning Street Victoria BC V8P Canada, 48.45118, -123.33406
2271 Millstream Road Victoria BC V9B 6H2 Canada, 48.46767, -123.50148
396 Pelican Drive Victoria BC V9C Canada, 48.39911, -123.49898
1446 Dallas Road Victoria BC V8S 1A2 Canada, 48.40719, -123.34793
Victoria BC Canada, 48.42842, -123.36564
3181 Glen Lake Road Victoria BC V9B Canada, 48.43542, -123.52546
707 Courtney Street Victoria BC V8W 1C3 Canada, 48.42298, -123.36563
2120 Harrow Gate Victoria BC V9B 0B9 Canada, 48.47113, -123.51284
5611 Batu Road Victoria BC V8Z Canada, 48.53982, -123.39795
1731 Albert Avenue Victoria BC V8R Canada, 48.43301, -123.33229
21 Dallas Road Victoria BC V8V 4Z9 Canada, 48.42205, -123.38454
605 Douglas Street Victoria BC V8V 2P9 Canada, 48.41914, -123.36579
408 Dallas Road Victoria BC V8V Canada, 48.41299, -123.37920
2571 Dunlevy Street Victoria BC V8R 5Z2 Canada, 48.43807, -123.30663
2035 Neil Street Victoria BC V8R Canada, 48.44194, -123.32131
4115 Mariposa Heights Victoria BC V8Z 6P6 Canada, 48.47789, -123.41274
548 Whiteside Street Victoria BC V8Z Canada, 48.46264, -123.39083
939 Walfred Road Victoria BC V9C 2P3 Canada, 48.42951, -123.52064
5550 Forest Hill Road Victoria BC V9E 2A8 Canada, 48.52915, -123.41068
412 Skinner Street Victoria BC V9A Canada, 48.43562, -123.38667
1085 Portage Road Victoria BC V8Z 1L1 Canada, 48.46263, -123.41368
1017 Limestone Lane Victoria BC V9B 0G8 Canada, 48.46527, -123.51372
4978 Old West Saanich Road Victoria BC V9E Canada, 48.51255, -123.41164
1482 Dallas Road Victoria BC V8S Canada, 48.40781, -123.34691
Victoria BC Canada, 48.42842, -123.36564
85 Cambridge Street Victoria BC V8V Canada, 48.40970, -123.35501
Citadel Place Victoria BC V9C 0G1 Canada, 48.40291, -123.50191
915 Glen Vale Road Victoria BC V9A 6N1 Canada, 48.44815, -123.41364
614 Granrose Terrace Victoria BC V9C Canada, 48.41130, -123.50879
2537 Mill Hill Road Victoria BC V9B 4X6 Canada, 48.45964, -123.48607
4341 Faithwood Road Victoria BC V8X Canada, 48.48880, -123.36615
Victoria BC Canada, 48.42842, -123.36564
450 Banga Place Victoria BC V8Z Canada, 48.44940, -123.37759
3281 Piper Road Victoria BC V9C Canada, 48.42572, -123.53484
975 Arden Road Victoria BC V9C 4G3 Canada, 48.37123, -123.57072
2574 Epworth Street Victoria BC V8R Canada, 48.43571, -123.31957
275 Kerwood Street Victoria BC V9B 1A2 Canada, 48.45179, -123.44110
2563 Crystalview Drive Victoria BC V9B Canada, 48.45223, -123.47279
630 Brookside Road Victoria BC V9C Canada, 48.40973, -123.50992
1853 Newton Street Victoria BC V8R 2R4 Canada, 48.43869, -123.32616
1335 Bear Mountain Parkway Victoria BC V9B 6R3 Canada, 48.47592, -123.53142
314 Six Mile Road Victoria BC V9B 5G6 Canada, 48.45779, -123.46290
975 Ironwood Court Victoria BC V9B 0G8 Canada, 48.46458, -123.51168
612 Manchester Road Victoria BC V8T Canada, 48.44243, -123.37204
1176 Hadfield Avenue Victoria BC V9A 5N7 Canada, 48.42327, -123.41402
Victoria BC Canada, 48.42842, -123.36564
192 Bushby Street Victoria BC V8S Canada, 48.40996, -123.34471
1155 Neild Road Victoria BC V9C 3X5 Canada, 48.40681, -123.55214
1060 Erindale Place Victoria BC V8X Canada, 48.45851, -123.36166
3230 Selleck Way Victoria BC V9C 1Y3 Canada, 48.42178, -123.47589
2309 Francis View Drive Victoria BC V9B Canada, 48.46654, -123.44786
1177 Lyall Street Victoria BC V9A Canada, 48.42786, -123.41230
2713 Sea View Road Victoria BC V8N 1K7 Canada, 48.45773, -123.28769
263 Beechwood Avenue Victoria BC V8S 3W7 Canada, 48.41290, -123.33280
3294 Henderson Road Victoria BC V8P 5A5 Canada, 48.45029, -123.31665
4766 Amblewood Drive Victoria BC V8Y 2S2 Canada, 48.50751, -123.37293
2850 Aldwynd Road Victoria BC V9B Canada, 48.44499, -123.49576
2189 Players Drive Victoria BC V9B 0L2 Canada, 48.47092, -123.51959
53 Knollwood Road Victoria BC V9B 1V3 Canada, 48.45898, -123.45390
384 Davida Avenue Victoria BC V9A Canada, 48.45205, -123.39969
1825 Laval Avenue Victoria BC V8N 1M9 Canada, 48.47299, -123.32113
7 Erskine Lane Victoria BC V8Z 7J7 Canada, 48.46491, -123.43663
3695 Wild Country Lane Victoria BC V9C 4M8 Canada, 48.40722, -123.53555
68 Songhees Road Victoria BC V9A 0A3 Canada, 48.42700, -123.38020
852 Reed Street Victoria BC V8X 2P2 Canada, 48.44778, -123.36344
236 Dallas Road Victoria BC V8V 1A5 Canada, 48.41510, -123.38314
3464 Horizon Terrace Victoria BC V9C 4L5 Canada, 48.41960, -123.51574
14 Erskine Lane Victoria BC V8Z 1R7 Canada, 48.46519, -123.43750
Turnstone Drive Victoria BC V9C Canada, 48.42328, -123.52970
3347 Roberlack Road Victoria BC V9C 2J9 Canada, 48.41927, -123.49174
5 Erskine Lane Victoria BC V8Z Canada, 48.46414, -123.43530
935 Firehall Creek Road Victoria BC V9C 0A3 Canada, 48.43146, -123.52343
555 Niagara Street Victoria BC V8V Canada, 48.41271, -123.37360
2120 Marne Street Victoria BC V8S Canada, 48.40812, -123.32430
3448 Happy Valley Road Victoria BC V9C Canada, 48.42213, -123.53323
868 Central Spur Road Victoria BC V9A 0C1 Canada, 48.43703, -123.38190
1825 Kings Road Victoria BC V8R Canada, 48.43772, -123.32772
1290 Walnut Street Victoria BC V8T Canada, 48.43381, -123.34552
2920 Tudor Avenue Victoria BC V8N Canada, 48.45331, -123.27701
725 Martlet Road Victoria BC V9B 6G1 Canada, 48.52759, -123.51878
Victoria BC Canada, 48.42842, -123.36564
1035 Sutlej Street Victoria BC V8V Canada, 48.41469, -123.35778
Victoria BC Canada, 48.42842, -123.36564
4072 Haro Road Victoria BC V8N Canada, 48.47214, -123.29560
3070 Doncaster Drive Victoria BC V8T 2N6 Canada, 48.44721, -123.34093
399 Tyee Road Victoria BC V9A 0A8 Canada, 48.43208, -123.37890
3812 Rowland Avenue Victoria BC V8Z 1X7 Canada, 48.46023, -123.38027
2658 Ruby Court Victoria BC V9B 0A9 Canada, 48.45157, -123.47594
1602 Quadra Street Victoriar BC V8W 2L4 Canada, 48.42815, -123.35914
Victoria BC Canada, 48.42842, -123.36564
1566 Richardson Street Victoria BC V8S 1R3 Canada, 48.41679, -123.33888
3790 Burnside Place Victoria BC V8Z 1N7 Canada, 48.46511, -123.41942
1606 Candela Place Victoria BC V8N 6L7 Canada, 48.48041, -123.33212
1778 Saint Ann Street Victoria BC V8R 5V7 Canada, 48.43119, -123.31202
2229 Graduation Place Victoria BC V8N 6N3 Canada, 48.47512, -123.31068
121 St. Lawrence Street Victoria BC V8V Canada, 48.41908, -123.38416
827 Pintail Place Victoria BC V9B 6W3 Canada, 48.47099, -123.50869
507 Foul Bay Road Victoria BC V8S Canada, 48.41639, -123.32754
Turnstone Drive Victoria BC V9C Canada, 48.42328, -123.52970
820 Latoria Road Victoria BC V9C 3A7 Canada, 48.41355, -123.52145
3898 Lancaster Road Victoria BC V8X Canada, 48.46451, -123.37877
2766 Peatt Road Victoria BC V9B 3V3 Canada, 48.45076, -123.49997
1632 Sarita Place Victoria BC V8N 3J4 Canada, 48.48799, -123.32630
2850 Aldwynd Road Victoria BC V9B Canada, 48.44499, -123.49576
467 Royal Bay Drive Victoria BC V9C 3B2 Canada, 48.41049, -123.49705
365 Waterfront Crescent Victoria BC V8T 0A7 Canada, 48.44193, -123.37845
934 Craigflower Road Victoria BC V9A 2X5 Canada, 48.44088, -123.39926
50 Songhees Road Victoria BC V9A Canada, 48.42668, -123.37592
2796 Dufferin Avenue Victoria BC V8R 3L5 Canada, 48.44166, -123.31081
Victoria BC Canada, 48.42842, -123.36564
Victoria BC Canada, 48.42842, -123.36564
21 Dallas Road Victoria BC V8V 4Z9 Canada, 48.42205, -123.38454
2344 Nicklaus Drive Victoria BC V9B 6V3 Canada, 48.47063, -123.52829
3220 Beach Drive Victoria BC V8R Canada, 48.44697, -123.29447
2825 Arbutus Road Victoria BC V8N Canada, 48.45930, -123.27947
3250 Willshire Drive Victoria BC V9C Canada, 48.43062, -123.52218
2222 Woodhampton Rise Victoria BC V9B Canada, 48.46928, -123.52675
2327 Francis View Drive Victoria BC V9B 6C8 Canada, 48.46505, -123.44912
3050 Beach Drive Victoria BC V8R 6L5 Canada, 48.44336, -123.29341
1352 Finlayson Street Victoria BC V8T 2V5 Canada, 48.44760, -123.35074
2206 Cook Street Victoria BC V8T 1L3 Canada, 48.43294, -123.35247
3912 Rowley Road Victoria BC V8N Canada, 48.46563, -123.29674
2426 Windsor Road Victoria BC V8S 5H3 Canada, 48.42231, -123.30864
517 Fisgard Street Victoria BC V8W 1R4 Canada, 48.42934, -123.36891
221 Ontario Street Victoria BC V8V Canada, 48.41914, -123.38012
66 Songhees Road Victoria BC V9A 7M6 Canada, 48.42659, -123.37773
3955 Oakwinds Street Victoria BC V8N 3B4 Canada, 48.46874, -123.33963
4044 Angeleah Place Victoria BC V8Z 6T1 Canada, 48.46943, -123.39393
110 Sunkist Close Victoria BC V9B 5T3 Canada, 48.46330, -123.49099
2400 Chilco Road Victoria BC V9B 6V5 Canada, 48.45656, -123.47191
2871 Jacklin Road Victoria BC V9B 5R8 Canada, 48.44702, -123.50748
452 Craigflower Road Victoria BC V9A Canada, 48.43683, -123.38871
1506 Regents Place Victoria BC V8S Canada, 48.42396, -123.33748
930 Bank Street Victoria BC V8S 4B1 Canada, 48.42247, -123.32872
653 Grenville Avenue Victoria BC V9A Canada, 48.43225, -123.41554
160 Memorial Crescent Victoria BC V8S Canada, 48.41012, -123.34439
1477 Fairfield Road Victoria BC V8S Canada, 48.41244, -123.34399
8 Dallas Road Victoria BC V8V 1A2 Canada, 48.42045, -123.38573
421 Marigold Road Victoria BC V8Z 4R3 Canada, 48.46418, -123.40379
2813 Shelby Place Victoria BC V9B 5N8 Canada, 48.44873, -123.52195
3360 Piper Road Victoria BC V9C Canada, 48.42572, -123.53484
611 Lampson Street Victoria BC V9A 3N4 Canada, 48.42985, -123.40649
825 Gannet Court Victoria BC V9B 6V6 Canada, 48.46953, -123.50766
958 Kinglet Court Victoria BC V9C 0B4 Canada, 48.42370, -123.53032
2311 Watkiss Way Victoria BC V9B Canada, 48.46419, -123.44861
1020 Richardson Street Victoria BC V8V Canada, 48.41992, -123.35713
3111 Woodpark Drive Victoria BC V9C 1P2 Canada, 48.43066, -123.48950
302 Bessborough Avenue Victoria BC V9B 5M3 Canada, 48.45468, -123.44458
631 Cowper Street Victoria BC V9A Canada, 48.45373, -123.40721
917 Hudson Street Victoria BC V9A 3Y7 Canada, 48.43573, -123.38850
1052 El Paseo Place Victoria BC V9C 3V2 Canada, 48.41586, -123.51725
2533 Sinclair Road Victoria BC V8N Canada, 48.46243, -123.30011
600 Cowper Street Victoria BC V9A Canada, 48.45362, -123.40651
Victoria BC Canada, 48.42842, -123.36564
3231 Woodburn Avenue Victoria BC V8P Canada, 48.44855, -123.31568
1765 Hollywood Crescent Victoria BC V8S Canada, 48.40864, -123.33194
3259 Walfred Place Victoria BC V9C 4M4 Canada, 48.43118, -123.52896
2528 Roseberry Avenue Victoria BC V8R Canada, 48.43519, -123.34369
3276 Merlin Road Victoria BC V9C 0H3 Canada, 48.42731, -123.53317
2432 Chilco Road Victoria BC V9B 6V5 Canada, 48.45978, -123.46786
Victoria BC Canada, 48.42842, -123.36564
1 Dallas Road Victoria BC V8V 0B2 Canada, 48.42277, -123.38392
832 Cormorant Street Victoria BC V8W 3C8 Canada, 48.42870, -123.36049
2392 Chilco Road Victoria BC V9B 6V5 Canada, 48.45656, -123.47191
1020 Verrinder Avenue Victoria BC V8S Canada, 48.42579, -123.33705
80 Regatta Landing Victoria BC V9A Canada, 48.43640, -123.38155
250 Belmont Road Victoria BC V9C Canada, 48.43990, -123.46624
1642 McKenzie Avenue Tuscany Villiage Victoria BC V8N Canada, 48.46868, -123.33180
305 Six Mile Road Victoria BC V9B 5G6 Canada, 48.45712, -123.46122
527 Agnes Street Victoria BC V8Z 2E3 Canada, 48.47159, -123.39552
2918 Shelbourne Street Victoria BC V8R Canada, 48.44209, -123.33346
3086 Shoreview Drive Victoria BC V9B 4S8 Canada, 48.44030, -123.52788
2941 Cedar Hill Road Victoria BC V8T 3H8 Canada, 48.44345, -123.34731
2544 Fifth Street Victoria BC V8T 4A7 Canada, 48.43622, -123.35693
1700 Albert Avenue Victoria BC V8R Canada, 48.43335, -123.33345
1405 Mallek Crescent Victoria BC V8T 3S8 Canada, 48.44532, -123.34910
3927 Cedar Hill Cross Road Victoria BC V8P Canada, 48.46605, -123.34729
4 Stoneridge Drive Victoria BC V9B 6L4 Canada, 48.46560, -123.44026
1220 Hopkins Place Victoria BC V8P Canada, 48.46936, -123.35708
3197 Ilona Place Victoria BC V9B 5J5 Canada, 48.43359, -123.51247
Victoria BC Canada, 48.42842, -123.36564
365 Waterfront Crescent Victoria BC V8T 0A7 Canada, 48.44193, -123.37845
1030 Yates Street Victoria BC V8V Canada, 48.42544, -123.35540
1656 Elm Street Victoria BC V8P 2G5 Canada, 48.45937, -123.33406
735 Byng Street Victoria BC V8S Canada, 48.41650, -123.30599
11 Camden Avenue Victoria BC V8Z Canada, 48.46687, -123.42543
2832 Rockwell Avenue Victoria BC V9A 2M9 Canada, 48.45394, -123.41725
1577 Knight Avenue Victoria BC V8P Canada, 48.45280, -123.33660
1131 Finney Road Victoria BC V9C 2Z8 Canada, 48.42387, -123.54103
Nel Hamerton Place Victoria BC V9B 5X3 Canada, 48.46342, -123.50485
3348 Fulton Road Victoria BC V9C Canada, 48.42385, -123.50784
3326 University Woods Victoria BC V8P Canada, 48.45234, -123.32057
736 Newport Avenue Victoria BC V8S Canada, 48.41694, -123.30390
2502 Prior Street Victoria BC V8T 3X6 Canada, 48.43520, -123.35368
2521 Duncan Place Victoria BC V9B 3P2 Canada, 48.45655, -123.49111
518 Hampshire Road Victoria BC V8S Canada, 48.41439, -123.31651
944 Nicholson Street Victoria BC V8X Canada, 48.47428, -123.37152
232 Michigan Street Victoria BC V8V 1R4 Canada, 48.41968, -123.37870
788 Humboldt Street Victoria BC V8W 1B1 Canada, 48.42084, -123.36398
3875 Cedar Hill Road Victoria BC V8P 3Z6 Canada, 48.46450, -123.33633
760 Johnson Street Victoria BC V8W 0A4 Canada, 48.42692, -123.36200
2529 Shelbourne Street Victoria BC V8R 4L6 Canada, 48.43484, -123.33341
2619 Bamboo Place Victoria BC V9B 5X6 Canada, 48.46083, -123.50648
LANE Victoria BC V9C 0H3 Canada, 48.42721, -123.53375
3237 Service Street Victoria BC V8P 4M7 Canada, 48.44991, -123.32850
2753 Arbutus Road Victoria BC V8N Canada, 48.46015, -123.28398
118 Aldersmith Place Victoria BC V9A 7M9 Canada, 48.44856, -123.42968
4075 Willowbrook Place Victoria BC V8Z 7W9 Canada, 48.46818, -123.38442
1036 Arngask Avenue Victoria BC V9B 0G4 Canada, 48.46737, -123.51414
1473 Hillside Avenue Victoria BC V8T 2B9 Canada, 48.44242, -123.34088
4471 Leefield Road Victoria BC V9C 3Y2 Canada, 48.39786, -123.57185
1326 Ravens View Drive Victoria BC V9B 6B1 Canada, 48.44198, -123.54613
3047 Balfour Avenue Victoria BC V9A Canada, 48.44493, -123.38520
4000 Shelbourne Street Victoria BC V8N Canada, 48.47300, -123.33263
1777 Hollywood Crescent Victoria BC V8S Canada, 48.40888, -123.33145
3118 Doncaster Drive Victoria BC V8T Canada, 48.44806, -123.34159
754 Mountjoy Avenue Victoria BC V8S 4L1 Canada, 48.41725, -123.32164
2368 Chilco Road Victoria BC V9B 6V5 Canada, 48.45656, -123.47191
943 Convent Place Victoria BC V8V 2Y9 Canada, 48.41772, -123.36055
1211 Beach Drive Victoria BC V8S 2N3 Canada, 48.42101, -123.30016
66 Moss Street Victoria BC V8V Canada, 48.40795, -123.35105
10 Craigflower Road Victoria BC V9A 2X6 Canada, 48.44151, -123.40098
915 Terrace Avenue Victoria BC V8S Canada, 48.42272, -123.33403
3289 Piper Road Victoria BC V9C Canada, 48.42572, -123.53484
3277 Piper Road Victoria BC V9C Canada, 48.42572, -123.53484
624 Sedger Road Victoria BC V8Z Canada, 48.45981, -123.40117
785 Central Spur Road Victoria BC V9A Canada, 48.43574, -123.38107
161 South Turner Street Victoria BC V8V 2J9 Canada, 48.41386, -123.37116
4003 Birring Place Victoria BC V8X 3H1 Canada, 48.47317, -123.34484
3633 Cedar Hill Road Victoria BC V8P 3Z1 Canada, 48.46038, -123.33800
3903 Lauder Road Victoria BC V8N 4H2 Canada, 48.46041, -123.28998
1232 Union Road Victoria BC V8P Canada, 48.46447, -123.35415
1153 Lyall Street Victoria BC V9A 5G6 Canada, 48.42757, -123.41104
14 Erskine Lane Victoria BC V8Z 1R7 Canada, 48.46519, -123.43750
100 Saghalie Road Victoria BC V9A 0A1 Canada, 48.42827, -123.37922
25 Bushby Street Victoria BC V8S Canada, 48.40673, -123.34883
1743 Newton Street Victoria BC V8R Canada, 48.43890, -123.33030
2147 Blue Grouse Plateau Victoria BC V9B 0L2 Canada, 48.47189, -123.51777
5 Pemberton Road Victoria BC V8S Canada, 48.42410, -123.34132
2187 Stone Gate Victoria BC V9B Canada, 48.47081, -123.51153
2871 Jacklin Road Victoria BC V9B 5R8 Canada, 48.44702, -123.50748
3300 Merlin Road Victoria BC V9C 0H3 Canada, 48.42731, -123.53317
989 Cavalcade Terrace Victoria BC V9B Canada, 48.45621, -123.50477
412 Alpha Terrace Victoria BC V9A 1B1 Canada, 48.44665, -123.37815
532 Treanor Avenue Victoria BC V9B 3H1 Canada, 48.46574, -123.48943
4013 Rainbow Hill Lane Victoria BC V8X 5M2 Canada, 48.47072, -123.37674
66 Songhees Road Victoria BC V9A 7M6 Canada, 48.42659, -123.37773
Victoria BC Canada, 48.42842, -123.36564
4087 Raymond Street North Victoria BC V8Z 4L4 Canada, 48.47378, -123.39476
1910 Moss Park Gardens Victoria BC V8S Canada, 48.41926, -123.32573
1209 Yukon Street Victoria BC V8T Canada, 48.42857, -123.34971
628 Moss Street Victoria BC V8V Canada, 48.41803, -123.34813
4081 Copperridge Lane Saanich BC V8Z Canada, 48.47207, -123.38606
1290 Eston Place Victoria BC V9B 6V3 Canada, 48.47115, -123.52846
394 Longworth Place Victoria BC V9C Canada, 48.40774, -123.49644
Victoria BC Canada, 48.42842, -123.36564
816 High Forest Place Victoria BC V9B 0H6 Canada, 48.46368, -123.50756
1480 Millstream Road Victoria BC V9B 6G1 Canada, 48.51587, -123.51924
1702 Belmont Avenue Victoria BC V8R 3Z1 Canada, 48.42843, -123.33894
3342 Ravenwood Road Victoria BC V9C 2X4 Canada, 48.42359, -123.50622
Chadwick Place Victoria BC V8S Canada, 48.41635, -123.32556
3411 Karger Terrace Victoria BC V9C 3K4 Canada, 48.41943, -123.50828
4020 Century Road Victoria BC V8X 2E5 Canada, 48.47201, -123.35550
3673 Blenkinsop Road Victoria BC V8P Canada, 48.45931, -123.35086
751 Fairfield Road Victoria BC V8V 3E4 Canada, 48.42155, -123.36387
15 Jedburgh Road Victoria BC V9B 1K8 Canada, 48.45809, -123.44085
1127 Lyall Street Victoria BC V9A 5G5 Canada, 48.42745, -123.40914
112 South Turner Street Victoria BC V8V 2J9 Canada, 48.41281, -123.37260
Radiant Way Victoria BC V9C 2W4 Canada, 48.42656, -123.53155
408 Edward Street Victoria BC V9A 3E8 Canada, 48.43378, -123.38606
80 Regatta Landing Victoria BC V9A Canada, 48.43640, -123.38155
3640 Propeller Place Victoria BC V9C Canada, 48.40214, -123.50333
3376 Rothnie Place Victoria BC V9C 3G4 Canada, 48.41842, -123.49920
596 Kingsview Ridge Victoria BC V9B 6T5 Canada, 48.45921, -123.48189
2182 Stone Gate Victoria BC V9B Canada, 48.47096, -123.51169
3755 Tillicum Road Victoria BC V8Z 4H8 Canada, 48.46095, -123.38792
937 Step Moss Close Victoria BC V9C 4M8 Canada, 48.40793, -123.53389
2731 Green Vale Avenue Victoria BC V8N Canada, 48.46027, -123.28530
960 Hereward Road Victoria BC V9A 4C8 Canada, 48.43593, -123.39385
2420 Selwyn Road Victoria BC V9B Canada, 48.46108, -123.49293
65 Songhees Road Victoria BC V9A Canada, 48.42641, -123.37964
3223 Selleck Way Victoria BC V9C 1Y3 Canada, 48.42198, -123.47592
365 Waterfront Crescent Victoria BC V8T 0A7 Canada, 48.44193, -123.37845
1402 Beatty Street Victoria BC V9A 5L5 Canada, 48.42672, -123.42343
312 Niagara Street Victoria BC V8V Canada, 48.41582, -123.37952
97 Cook Street Victoria BC V8V 3W7 Canada, 48.41008, -123.35736
4000 Shelbourne Street Victoria BC V8N Canada, 48.47300, -123.33263
347 Island Highway Victoria BC V9B Canada, 48.45956, -123.44611
569 Ledsham Road Victoria BC V9C 1J9 Canada, 48.43351, -123.48822
164 Burnside Road West Victoria BC V9A 1B9 Canada, 48.45167, -123.38875
3213 Aldridge Street Victoria BC V8P 4L7 Canada, 48.44880, -123.33076
705 Luscombe Place Victoria BC V9A 7L6 Canada, 48.44033, -123.42786
207 Quebec Street Victoria BC V8V 1X1 Canada, 48.42196, -123.37747
725 Porter Road Victoria BC V9A Canada, 48.43424, -123.40065
935 Terlane Avenue Victoria BC V9B Canada, 48.43856, -123.51419
3230 Selleck Way Victoria BC V9C 1Y3 Canada, 48.42178, -123.47589
737 Humboldt Street Victoria BC V8W 1B1 Canada, 48.42064, -123.36492
4286 Happy Valley Road Victoria BC V9C 3Y1 Canada, 48.39002, -123.54901
Haagensen Court Victoria BC V9B 6V5 Canada, 48.45770, -123.47152
33 Knollwood Road Victoria BC V9B 1E2 Canada, 48.45894, -123.45211
1764 Hampshire Road Victoria BC V8R 5T6 Canada, 48.43110, -123.31391
1033 Pakington Street Victoria BC V8V 3A2 Canada, 48.41730, -123.35649
410 Douglas Street Victoria BC V8V Canada, 48.41610, -123.36585
2319 Chilco Road Victoria BC V9B Canada, 48.45568, -123.47111
1035 Sutlej Street Victoria BC V8V Canada, 48.41469, -123.35778
887 Walfred Road Victoria BC V9C Canada, 48.42580, -123.51425
1028 Tillicum Road Victoria BC V9A 2A1 Canada, 48.44375, -123.40158
3251 Zapata Place Victoria BC V9C 3G6 Canada, 48.42681, -123.51110
4253 Happy Valley Road Victoria BC V9C Canada, 48.39324, -123.55124
100 Saghalie Road Victoria BC V9A 0A1 Canada, 48.42827, -123.37922
791 Central Spur Road Victoria BC V9A Canada, 48.43606, -123.38129
157 Olive Street Victoria BC V8S Canada, 48.40975, -123.34889
3413 Vision Way Victoria BC V9C 0C4 Canada, 48.42330, -123.53119
1162 Lugrin Place Victoria BC V9A 4T3 Canada, 48.43647, -123.41274
4004 Magdelin Street Victoria BC V8N 3M4 Canada, 48.47312, -123.33028
3850 Ascot Drive Victoria BC V8P 3S1 Canada, 48.46424, -123.34690
3028 Orillia Street Victoria BC V9A Canada, 48.44953, -123.39504
902 Florence Terrace Victoria BC V9B Canada, 48.46150, -123.51182
3371 Sewell Road Victoria BC V9C Canada, 48.42229, -123.51369
1740 Knight Avenue Victoria BC V8P Canada, 48.45285, -123.32832
2578 Blackwood Street Victoria BC V8T Canada, 48.43741, -123.35301
1991 Cromwell Road Victoria BC V8P 1R6 Canada, 48.45381, -123.32165
1131 Balmoral Road Victoria BC V8T 1B1 Canada, 48.42848, -123.35181
2855 Pickford Road Victoria BC V9B 2K3 Canada, 48.44150, -123.50052
924 Selkirk Avenue Victoria BC V9A Canada, 48.44258, -123.39877
3155 Balfour Avenue Victoria BC V9A Canada, 48.44725, -123.38330
1731 Albert Avenue Victoria BC V8R Canada, 48.43301, -123.33229
1082 Newport Avenue Victoria BC V8S 5E3 Canada, 48.42155, -123.30384
479 Joffre Street South Victoria BC V9A Canada, 48.42656, -123.40912
38 San Jose Avenue Victoria BC V8V 2C1 Canada, 48.41456, -123.38049
2828 Inlet Avenue Victoria BC V9A Canada, 48.45312, -123.41622
1731 Albert Avenue Victoria BC V8R Canada, 48.43301, -123.33229
216 Russell Street Victoria BC V9A 3X2 Canada, 48.42900, -123.38726
2388 Chilco Road Victoria BC V9B 6V5 Canada, 48.45656, -123.47191
118 Michigan Street Victoria BC V8V Canada, 48.42101, -123.38143
917 Alexander Road Victoria BC V9A Canada, 48.44307, -123.42085
334 Plaskett Place Victoria BC V9A 6G3 Canada, 48.42214, -123.41364
2355 Belmont Avenue Victoria BC V8R Canada, 48.43377, -123.33941
3860 Epsom Drive Victoria BC V8P Canada, 48.46441, -123.34428
5005 Georgia Park Terrace Victoria BC V8Y 2B8 Canada, 48.51531, -123.36959
1150 Summit Avenue Victoria BC V8T 3X2 Canada, 48.44472, -123.35517
739 Grousewood Place Victoria BC V9C Canada, 48.42742, -123.50826
3436 Fulton Road Victoria BC V9C 3N2 Canada, 48.41928, -123.51102
1866 Carnarvon Street Victoria BC V8R Canada, 48.43977, -123.32649
1194 Wychbury Avenue Victoria BC V9A 5L1 Canada, 48.42629, -123.41363
4086 Monarch Place Victoria BC V8N Canada, 48.47158, -123.29415
759 Linkleas Avenue Victoria BC V8S 5C4 Canada, 48.41699, -123.30478
2153 Windsor Road Victoria BC V8S Canada, 48.42199, -123.31768
4497 Prospect Lake Road Victoria BC V9E Canada, 48.50088, -123.44597
3980 Granville Avenue Victoria BC V9E Canada, 48.47530, -123.42905
155 Linden Avenue Victoria BC V8V 4E2 Canada, 48.41126, -123.35324
2001 Corniche Place Victoria BC V8N 6C1 Canada, 48.48132, -123.30946
4921 Prospect Avenue Victoria BC V9E 1J5 Canada, 48.51647, -123.44389
3511 Salsbury Way Victoria BC V8P 3K7 Canada, 48.45773, -123.35286
4954 Rocky Point Road Victoria BC V9C Canada, 48.36559, -123.55481
1400 Lynburne Place Victoria BC V9B 0A4 Canada, 48.47721, -123.53442
539 Caselton Place Victoria BC V8Z 7Y5 Canada, 48.50229, -123.39232
749 Cecil Blogg Drive Victoria BC V9B 5N7 Canada, 48.43080, -123.50397
391 Tyee Road Victoria BC V9A 0A9 Canada, 48.43177, -123.37870
140 Ladysmith Street Victoria BC V8V Canada, 48.41868, -123.38282
973 Owlwood Place Victoria BC V8X 4T3 Canada, 48.49363, -123.37203
1132 Loenholm Road Victoria BC V8Z 2Z7 Canada, 48.48349, -123.40418
568 Whiteside Street Victoria BC V8Z Canada, 48.46287, -123.38918
303 Stevens Road Victoria BC V9E 2J1 Canada, 48.51198, -123.43208
732 Mann Avenue Victoria BC V8Z 3C2 Canada, 48.48913, -123.39845
4927 Sea Ridge Drive Victoria BC V8Y 2B7 Canada, 48.51352, -123.37098
679 Mount View Avenue Victoria BC V9B 2B7 Canada, 48.43815, -123.49679
1001 Courtney Street Victoria BC V8W 1C3 Canada, 48.42266, -123.36311
998 Haliburton Road Victoria BC V8Y 1J5 Canada, 48.51736, -123.36760
1015 Pandora Avenue Victoria BC V8V Canada, 48.42706, -123.35550
Radiant Way Victoria BC V9C 2W4 Canada, 48.42656, -123.53155
631 Courtney Street Victoria BC V8W Canada, 48.42330, -123.36667
1512 Winchester Road Victoria BC V8N 2B5 Canada, 48.48235, -123.34277
2408 Marlene Drive Victoria BC V9B Canada, 48.44082, -123.49810
940 Boulderwood Rise Victoria BC V8Y 3G5 Canada, 48.50479, -123.37342
5110 Cordova Bay Road Victoria BC V8Y Canada, 48.52207, -123.36731
462 Goward Road Victoria BC V9E 2J5 Canada, 48.51233, -123.41749
500 Marsett Place Victoria BC V8Z 7J1 Canada, 48.50423, -123.38729
4980 Lochside Drive Victoria BC V8Y Canada, 48.51564, -123.36816
6630 Willis Point Road Victoria BC V9E Canada, 48.57188, -123.48113
1027 Haslam Avenue Victoria BC V9B Canada, 48.44057, -123.51911
646 Gowland Road Victoria BC V9B 6R9 Canada, 48.50184, -123.52726
Victoria BC Canada, 48.42842, -123.36564
2324 Richmond Road Victoria BC V8R 4S2 Canada, 48.43326, -123.32928
741 Walpole Road Victoria BC V9C Canada, 48.37647, -123.54604
4375 Parkside Crescent Victoria BC V8N 2C6 Canada, 48.48565, -123.34098
6471 Bella Vista Drive Victoria BC V8Z 7G6 Canada, 48.55811, -123.39706
5010 Santa Clara Avenue Victoria BC V8Y Canada, 48.51823, -123.38269
1058 River Road Victoria BC V9B 6K2 Canada, 48.47768, -123.51760
990 Perez Drive Victoria BC V8Y 3G2 Canada, 48.50219, -123.37235
4889 Townsend Drive Victoria BC V8Z Canada, 48.50928, -123.40672
1763 Emerson Street Victoria BC V8R 2C3 Canada, 48.43449, -123.33075
627 Vanalman Avenue Victoria BC V8Z Canada, 48.48779, -123.39770
4275 Wilkinson Road Victoria BC V8Z Canada, 48.48494, -123.40545
5187 Cordova Bay Road Victoria BC V8Y 2K8 Canada, 48.52558, -123.36832
823 Gulfview Place Victoria BC V8Y 2R6 Canada, 48.50935, -123.37105
1115 Craigflower Road Victoria BC V9A 2Y1 Canada, 48.44409, -123.40841
737 Doral Place Victoria BC V8Y 3C9 Canada, 48.51629, -123.37996
4664 Cordova Bay Road Victoria BC V8X 3V7 Canada, 48.50286, -123.35175
2850 Aldwynd Road Victoria BC V9B Canada, 48.44499, -123.49576
6450 Bella Vista Drive Victoria BC V8Z Canada, 48.55743, -123.39603
6071 Oldfield Road Victoria BC V9E Canada, 48.55041, -123.41720
802 Cameo Street Victoria BC V8X 4M4 Canada, 48.48170, -123.38577
898 Brett Avenue Victoria BC V8X 2Z6 Canada, 48.46003, -123.36887
3343 Wishart Road Victoria BC V9C Canada, 48.41950, -123.49539
4249 Cheverage Place Victoria BC V8N 4Z5 Canada, 48.48202, -123.33379
4062 Livingstone Avenue North Victoria BC V8N 3A7 Canada, 48.47584, -123.34338
300 Waterfront Crescent Victoria BC V8T 5K3 Canada, 48.44019, -123.37892
4 Werra Landing Crescent Victoria BC V9B 1N4 Canada, 48.45791, -123.42943
726 Miller Avenue Victoria BC V8Z 3C9 Canada, 48.49034, -123.39884
5410 Fowler Road Victoria BC V8Y Canada, 48.53366, -123.37841
1536 Bank Street Victoria BC V8R 4V4 Canada, 48.42719, -123.32897
Victoria BC Canada, 48.42842, -123.36564
183 Ross Durrance Road Victoria BC V9E 2A3 Canada, 48.53253, -123.50165
909 Carolwood Drive Victoria BC V8X 3T9 Canada, 48.49678, -123.37282
5182 Lochside Drive Victoria BC V8Y Canada, 48.52509, -123.37268
4694 Firbank Lane Victoria BC V8Y 3H1 Canada, 48.50497, -123.35668
4070 Copperridge Lane Victoria BC V8Z 0B3 Canada, 48.47175, -123.38550
160 Wilson Street Victoria BC V9A 7P9 Canada, 48.43229, -123.38004
4583 Wilkinson Road Victoria BC V8Z 5C3 Canada, 48.49760, -123.39414
Victoria BC Canada, 48.42842, -123.36564
4271 Baylis Place Victoria BC V8N Canada, 48.48331, -123.33775
Radiant Way Victoria BC V9C 2W4 Canada, 48.42656, -123.53155
832 Haliburton Road Victoria BC V8Y 1J2 Canada, 48.51419, -123.37204
4255 Moorpark Place Victoria BC V8Z 6P2 Canada, 48.48542, -123.39408
1832 Raspberry Row Victoria BC V8N 6K3 Canada, 48.48559, -123.31638
4942 Cordova Bay Road Victoria BC V8Y 2K1 Canada, 48.51409, -123.36553
5153 Santa Clara Avenue Victoria BC V8Y Canada, 48.52450, -123.38366
241 Cadillac Avenue Victoria BC V8Z 1T9 Canada, 48.45903, -123.38749
2123 Ferndale Road Victoria BC V8N 2Y7 Canada, 48.48490, -123.30727
1222 Crofton Terrace Victoria BC V8Y 3C5 Canada, 48.50638, -123.35708
941 Kentwood Terrace Victoria BC V8Y 1A4 Canada, 48.49869, -123.37241
225 Belleville Street Victoria BC V8V 4T9 Canada, 48.42227, -123.37538
4085 Prospect Lake Road Victoria BC V9E 1H7 Canada, 48.48297, -123.44065
5350 Sayward Hill Crescent Victoria BC V8Y Canada, 48.52995, -123.37826
4148 Gordon Head Road Victoria BC V8N 3Y1 Canada, 48.47823, -123.30906
820 Princess Avenue Victoria BC V8T 1K8 Canada, 48.43337, -123.36028
4323 Gordon Head Road Victoria BC V8N 3Y6 Canada, 48.48198, -123.30458
583 Pacific Ridge Victoria BC V9B 6P9 Canada, 48.46013, -123.48188
1231 McKenzie Street Victoria BC V8V 2W5 Canada, 48.41449, -123.35136
2153 Bellamy Road Victoria BC V9B 6C5 Canada, 48.46953, -123.49084
Victoria BC Canada, 48.42842, -123.36564
2698 Silverstone Way Victoria BC V9B 6A6 Canada, 48.45057, -123.47760
919 Hereward Road Victoria BC V9A 4C8 Canada, 48.43500, -123.39367
231 Montreal Street Victoria BC V8V 1Z3 Canada, 48.41989, -123.38052
225 Belleville Street Victoria BC V8V 4T9 Canada, 48.42227, -123.37538
3892 Scolton Road Victoria BC V8N 4E2 Canada, 48.46352, -123.29542
4000 Shelbourne Street Victoria BC V8N Canada, 48.47300, -123.33263
168 Levista Place Victoria BC V9B 1M3 Canada, 48.46141, -123.43314
4000 Prospect Lake Road Victoria BC V9E 1H7 Canada, 48.47581, -123.43874
754 Mountjoy Avenue Victoria BC V8S 4L1 Canada, 48.41725, -123.32164
Victoria BC Canada, 48.42842, -123.36564
4001 Locarno Lane Victoria BC V8N Canada, 48.47338, -123.30124
2116 McLaren Avenue Victoria BC V8S Canada, 48.41553, -123.32013
2850 Aldwynd Road Victoria BC V9B Canada, 48.44499, -123.49576
5440 Fowler Road Victoria BC V8Y Canada, 48.53548, -123.37922
751 Fairfield Road Victoria BC V8V 3E4 Canada, 48.42155, -123.36387
2829 Arbutus Road Victoria BC V8N 5X4 Canada, 48.45970, -123.28134
737 Humboldt Street Victoria BC V8W 1B1 Canada, 48.42064, -123.36492
705 Fort Street Victoria BC V8W 1H2 Canada, 48.42444, -123.36465
Victoria BC Canada, 48.42842, -123.36564
Radiant Way Victoria BC V9C 2W4 Canada, 48.42656, -123.53155
2732 Matson Road Victoria BC V9B 3C2 Canada, 48.45334, -123.50577
3045 Albany Street Victoria BC V9A 1R5 Canada, 48.44461, -123.38417
982 McKenzie Avenue Victoria BC V8X Canada, 48.46942, -123.36955
407 Swift Street Victoria BC V8W 1V4 Canada, 48.42944, -123.37057
3153 Metchosin Road Victoria BC V9C 2A2 Canada, 48.42825, -123.49294
3154 Humpback Road Victoria BC V9B Canada, 48.43569, -123.56419
3343 Merlin Road Victoria BC V9C 0H3 Canada, 48.42664, -123.53349
933 Admirals Road Victoria BC V9A 2P1 Canada, 48.44049, -123.42616
1010 View Street Victoria BC V8V Canada, 48.42458, -123.35661
34 De Goutiere Place Victoria BC V9B 0H3 Canada, 48.45437, -123.47153
3342 Myles Mansell Road Victoria BC V9C 2P3 Canada, 48.42831, -123.52310
399 Tyee Road Victoria BC V9A 0A8 Canada, 48.43208, -123.37890
Radiant Way Victoria BC V9C 2W4 Canada, 48.42656, -123.53155
605 Eiderwood Place Victoria BC V9C 2K9 Canada, 48.43016, -123.49542
66 Songhees Road Victoria BC V9A 7M6 Canada, 48.42659, -123.37773
4061 Larchwood Drive Victoria BC V8N 6H6 Canada, 48.47477, -123.32580
101 Speed Avenue Victoria BC V8Z 1A4 Canada, 48.44624, -123.37348
124 St. Lawrence Street Victoria BC V8V Canada, 48.41902, -123.38451
1494 Fairfield Road Victoria BC V8S Canada, 48.41195, -123.34162
2 Dallas Road Victoria BC V8V 1A2 Canada, 48.41876, -123.38520
2363 Chilco Road Victoria BC V9B 6V5 Canada, 48.45654, -123.47194
1211 Hopkins Place Victoria BC V8P Canada, 48.47002, -123.35730
937 Skogstad Way Victoria BC V9B Canada, 48.45299, -123.50649
828 Rupert Terrace Victoria BC V8W 0A7 Canada, 48.42104, -123.36213
579 Marifield Avenue Victoria BC V8V Canada, 48.41494, -123.37006
493 Ker Avenue Victoria BC V9A 2B7 Canada, 48.45426, -123.40190
819 Byng Street Victoria BC V8S Canada, 48.41788, -123.30594
982 McKenzie Avenue Victoria BC V8X Canada, 48.46942, -123.36955
1158 Lockley Road Victoria BC V9A 4S7 Canada, 48.43727, -123.41197
1002 Fashoda Place Victoria BC V9C 3X1 Canada, 48.41345, -123.53472
2660 Cadboro Bay Road Victoria BC V8R 5J6 Canada, 48.43934, -123.31287
130 Niagara Street Victoria BC V8V 1E9 Canada, 48.41794, -123.38417
845 Yates Street Victoria BC V8W Canada, 48.42561, -123.36018
2111 Sutherland Road Victoria BC V8S Canada, 48.42106, -123.31912
847 Dunsmuir Road Victoria BC V9A 5R2 Canada, 48.42906, -123.39646
2531 Forbes Street Victoria BC V8R Canada, 48.43498, -123.33857
696 Demel Place Victoria BC V9C 3L6 Canada, 48.41953, -123.50837
5 Tyee Road Victoria BC V9A 7R2 Canada, 48.43660, -123.38266
Victoria BC Canada, 48.42842, -123.36564
2125 Oak Bay Avenue Victoria BC V8R 1E7 Canada, 48.42654, -123.31817
2700 Herbate Road Victoria BC V9B 6J7 Canada, 48.48478, -123.47933
2451 Prospector Way Victoria BC V9B 5X6 Canada, 48.46069, -123.50749
2069 Goldsmith Street Victoria BC V8R 1T5 Canada, 48.43041, -123.32057
126 Hallowell Road Victoria BC V9A 7K2 Canada, 48.44709, -123.43073
924 Esquimalt Road Victoria BC V9A 3M7 Canada, 48.42982, -123.40205
3367 Haida Drive Victoria BC V9C Canada, 48.42095, -123.50574
201 Nursery Hill Drive Victoria BC V9B Canada, 48.46082, -123.46390
2531 Mill Hill Road Victoria BC V9B Canada, 48.45913, -123.48656
1776 Albert Avenue Victoria BC V8R Canada, 48.43316, -123.33077
2850 Aldwynd Road Victoria BC V9B Canada, 48.44499, -123.49576
118 Ladysmith Street Victoria BC V8V Canada, 48.41883, -123.38352
920 Gade Road Victoria BC V9B 4Z6 Canada, 48.46332, -123.51120
1542 Clawthorpe Avenue Victoria BC V8T Canada, 48.44713, -123.34270
1891 Lansdowne Road Victoria BC V8P 1A9 Canada, 48.44613, -123.32479
630 Seaforth Street Victoria BC V9A Canada, 48.42949, -123.38993
1663 McKenzie Avenue Victoria BC V8N Canada, 48.46847, -123.32974
880 Cavalcade Terrace Victoria BC V9B Canada, 48.45647, -123.50230
1473 Faircliff Lane Victoria BC V8S Canada, 48.41266, -123.34406
488 Royal Bay Drive Victoria BC V9C 3B2 Canada, 48.41025, -123.49741
982 McKenzie Avenue Victoria BC V8X Canada, 48.46942, -123.36955
